Attributes.business_name,Attributes.website_link,Address,Attributes.city,Attributes.keyword,ChannelType
Strausberg Group,http://strausberggroup.com,info@strausberggroup.com,"Manhattan Beach, CA",Marketing,EMAIL
Bearly Marketing,http://bearlymarketing.com,info@bearlymarketing.com,"Manhattan Beach, CA",Marketing,EMAIL
Hermosa Beach Marketing,http://hermosabeachmarketing.com,info@packair.com,"Manhattan Beach, CA",Marketing,EMAIL
Dymic Digital,http://dymic.com,info@dymic.com,"Manhattan Beach, CA",Marketing,EMAIL
EMaximize,http://emaximize.com,info@emaximize.com,"Manhattan Beach, CA",Marketing,EMAIL
EMaximize,http://emaximize.com,info@emaximize.com,"Manhattan Beach, CA",Marketing,EMAIL
Wpromote,http://wpromote.com,events@wpromote.com,"Manhattan Beach, CA",Marketing,EMAIL
Wpromote,http://wpromote.com,emailviolation@wpromote.com,"Manhattan Beach, CA",Marketing,EMAIL
Wpromote,http://wpromote.com,contact@wpromote.com,"Manhattan Beach, CA",Marketing,EMAIL
Wpromote,http://wpromote.com,jamie@wpromote.com,"Manhattan Beach, CA",Marketing,EMAIL
Wpromote,http://wpromote.com,hello@wpromote.com,"Manhattan Beach, CA",Marketing,EMAIL
Wpromote,http://wpromote.com,jackie.leung@wpromote.com,"Manhattan Beach, CA",Marketing,EMAIL
Wpromote,http://wpromote.com,eric@wpromote.com,"Manhattan Beach, CA",Marketing,EMAIL
Wpromote,http://wpromote.com,privacy_request@wpromote.com,"Manhattan Beach, CA",Marketing,EMAIL
Wpromote,http://wpromote.com,sales@wpromote.com,"Manhattan Beach, CA",Marketing,EMAIL
Wpromote,http://wpromote.com,productsupport@wpromote.com,"Manhattan Beach, CA",Marketing,EMAIL
WORD-OLOGY,http://word-ology.com,sabrina@word-ology.com,"Manhattan Beach, CA",Marketing,EMAIL
The Graphic Element,http://thegraphicelement.com,hello@thegraphicelement.com,"Manhattan Beach, CA",Marketing,EMAIL
Reign Media,http://reignmedia.co,reignmediaofficial@gmail.com,"Manhattan Beach, CA",Marketing,EMAIL
Reign Media,http://reignmedia.co,reignmediaofficial@gmail.com,"Manhattan Beach, CA",Marketing,EMAIL
GoGoIT,http://gogoit.com,support@gogoit.com,"Manhattan Beach, CA",Marketing,EMAIL
Localite LA Public Relations,http://LocaliteLA.com,info@localitela.com,"Manhattan Beach, CA",Marketing,EMAIL
BLS Public Relations,http://blspr.com,kcullotta@chicagotribune.com,"Manhattan Beach, CA",Marketing,EMAIL
BLS Public Relations,http://blspr.com,kcullotta@tribpub.com,"Manhattan Beach, CA",Marketing,EMAIL
PixelFish,http://pixelfish.com,info@pixelfish.com,"Manhattan Beach, CA",Marketing,EMAIL
Extima Web Development and Online Marketing,http://extima.com,info@extima.com,"Manhattan Beach, CA",Marketing,EMAIL
South of LA,http://southofla.com,partnerships@southofla.com,"Manhattan Beach, CA",Marketing,EMAIL
South of LA,http://southofla.com,info@southofla.com,"Manhattan Beach, CA",Marketing,EMAIL
South of LA,http://southofla.com,support@southofla.com,"Manhattan Beach, CA",Marketing,EMAIL
Off the Lip,http://offthelip.com,sales@offthelip.com,"Manhattan Beach, CA",Marketing,EMAIL
COTUA,http://cotua.com,contact@providesocial.com,"Manhattan Beach, CA",Marketing,EMAIL
BLND Public Relations,http://blndpr.com,info@blndpr.com,"Manhattan Beach, CA",Marketing,EMAIL
BLND Public Relations,http://blndpr.com,contact@blndpr.com,"Manhattan Beach, CA",Marketing,EMAIL
BLND Public Relations,http://blndpr.com,info@blndpr.com,"Manhattan Beach, CA",Marketing,EMAIL
RGR Marketing,http://rgrmarketing.com,affiliate@rgrmarketing.com,"Manhattan Beach, CA",Marketing,EMAIL
RGR Marketing,http://rgrmarketing.com,jeff@rgrmarketing.com,"Manhattan Beach, CA",Marketing,EMAIL
RGR Marketing,http://rgrmarketing.com,silas@rgrmarketing.com,"Manhattan Beach, CA",Marketing,EMAIL
RGR Marketing,http://rgrmarketing.com,doug.jones@yahoo.com,"Manhattan Beach, CA",Marketing,EMAIL
RGR Marketing,http://rgrmarketing.com,matt@rgrmarketing.com,"Manhattan Beach, CA",Marketing,EMAIL
RGR Marketing,http://rgrmarketing.com,sales@rgrmarketing.com,"Manhattan Beach, CA",Marketing,EMAIL
RGR Marketing,http://rgrmarketing.com,info@rgrmarketing.com,"Manhattan Beach, CA",Marketing,EMAIL
RGR Marketing,http://rgrmarketing.com,rsmith@gmail.com,"Manhattan Beach, CA",Marketing,EMAIL
Clean Energy Experts,http://cleanenergyexperts.com,contact@cleanenergyexperts.com,"Manhattan Beach, CA",Marketing,EMAIL
Allegra Marketing Print Mail,http://allegrasouthbay.com,no-reply@allegramarketingprint.com,"Manhattan Beach, CA",Marketing,EMAIL
Allegra Marketing Print Mail,http://allegrasouthbay.com,globenetixcomsites2@web.com,"Manhattan Beach, CA",Marketing,EMAIL
Vérité Creative,http://VeriteCreative.com,lisa@veritecreative.com,"Manhattan Beach, CA",Marketing,EMAIL
"Sir Speedy Print, Signs, Marketing",http://sirspeedy.com,sirspeedy@sirspeedysa.com,"Manhattan Beach, CA",Marketing,EMAIL
"Sir Speedy Print, Signs, Marketing",http://sirspeedy.com,sirspeedy@printnwa.com,"Manhattan Beach, CA",Marketing,EMAIL
"Sir Speedy Print, Signs, Marketing",http://sirspeedy.com,order@sirspeedywest.com,"Manhattan Beach, CA",Marketing,EMAIL
"Sir Speedy Print, Signs, Marketing",http://sirspeedy.com,contactus@durhamspeedy.com,"Manhattan Beach, CA",Marketing,EMAIL
"Sir Speedy Print, Signs, Marketing",http://sirspeedy.com,info@sirspeedymonroe.com,"Manhattan Beach, CA",Marketing,EMAIL
"Sir Speedy Print, Signs, Marketing",http://sirspeedy.com,art@sirspeedy6431.com,"Manhattan Beach, CA",Marketing,EMAIL
"Sir Speedy Print, Signs, Marketing",http://sirspeedy.com,sirspeedy@rcn.com,"Manhattan Beach, CA",Marketing,EMAIL
"Sir Speedy Print, Signs, Marketing",http://sirspeedy.com,customerservice@sirspeedy6025.com,"Manhattan Beach, CA",Marketing,EMAIL
"Sir Speedy Print, Signs, Marketing",http://sirspeedy.com,saddlepals@aol.com,"Manhattan Beach, CA",Marketing,EMAIL
"Sir Speedy Print, Signs, Marketing",http://sirspeedy.com,orders@sirspeedylakeland.com,"Manhattan Beach, CA",Marketing,EMAIL
"Sir Speedy Print, Signs, Marketing",http://sirspeedy.com,info@sirspeedyorlando.com,"Manhattan Beach, CA",Marketing,EMAIL
"Sir Speedy Print, Signs, Marketing",http://sirspeedy.com,speedytroy@sirspeedyspokane.com,"Manhattan Beach, CA",Marketing,EMAIL
"Sir Speedy Print, Signs, Marketing",http://sirspeedy.com,info@sirspeedydetroit.com,"Manhattan Beach, CA",Marketing,EMAIL
"Sir Speedy Print, Signs, Marketing",http://sirspeedy.com,office@sirspeedygb.com,"Manhattan Beach, CA",Marketing,EMAIL
"Sir Speedy Print, Signs, Marketing",http://sirspeedy.com,info@sirspeedyhills.com,"Manhattan Beach, CA",Marketing,EMAIL
"Sir Speedy Print, Signs, Marketing",http://sirspeedy.com,sirspeedy@zoominternet.net,"Manhattan Beach, CA",Marketing,EMAIL
"Sir Speedy Print, Signs, Marketing",http://sirspeedy.com,orders@sirspeedyftmyers.com,"Manhattan Beach, CA",Marketing,EMAIL
"Sir Speedy Print, Signs, Marketing",http://sirspeedy.com,graphics2@sirspeedylongbeach.com,"Manhattan Beach, CA",Marketing,EMAIL
"Sir Speedy Print, Signs, Marketing",http://sirspeedy.com,info@sirspeedynj.com,"Manhattan Beach, CA",Marketing,EMAIL
"Sir Speedy Print, Signs, Marketing",http://sirspeedy.com,orders@sirspeedystpete.com,"Manhattan Beach, CA",Marketing,EMAIL
"Sir Speedy Print, Signs, Marketing",http://sirspeedy.com,info@sirspeedyorlandosouth.com,"Manhattan Beach, CA",Marketing,EMAIL
"Sir Speedy Print, Signs, Marketing",http://sirspeedy.com,speedy3401@aol.com,"Manhattan Beach, CA",Marketing,EMAIL
"Sir Speedy Print, Signs, Marketing",http://sirspeedy.com,info@sirspeedymidtownmiami.com,"Manhattan Beach, CA",Marketing,EMAIL
"Sir Speedy Print, Signs, Marketing",http://sirspeedy.com,graphics@sirspeedycv.com,"Manhattan Beach, CA",Marketing,EMAIL
"Sir Speedy Print, Signs, Marketing",http://sirspeedy.com,info@sirspeedyprinting.com,"Manhattan Beach, CA",Marketing,EMAIL
"Sir Speedy Print, Signs, Marketing",http://sirspeedy.com,speedy5561@aol.com,"Manhattan Beach, CA",Marketing,EMAIL
"Sir Speedy Print, Signs, Marketing",http://sirspeedy.com,sirspeedysaginaw@speednetllc.com,"Manhattan Beach, CA",Marketing,EMAIL
"Sir Speedy Print, Signs, Marketing",http://sirspeedy.com,orders@ssarlington.com,"Manhattan Beach, CA",Marketing,EMAIL
"Sir Speedy Print, Signs, Marketing",http://sirspeedy.com,artwork@sirspeedyprescott.com,"Manhattan Beach, CA",Marketing,EMAIL
"Sir Speedy Print, Signs, Marketing",http://sirspeedy.com,info@sirspeedy2116.com,"Manhattan Beach, CA",Marketing,EMAIL
"Sir Speedy Print, Signs, Marketing",http://sirspeedy.com,orders@sscolumbia.com,"Manhattan Beach, CA",Marketing,EMAIL
"Sir Speedy Print, Signs, Marketing",http://sirspeedy.com,sales@sirspeedy-ni.net,"Manhattan Beach, CA",Marketing,EMAIL
"Sir Speedy Print, Signs, Marketing",http://sirspeedy.com,contact@sirspeedystatesville.com,"Manhattan Beach, CA",Marketing,EMAIL
"Sir Speedy Print, Signs, Marketing",http://sirspeedy.com,info@ssglendale.com,"Manhattan Beach, CA",Marketing,EMAIL
"Sir Speedy Print, Signs, Marketing",http://sirspeedy.com,csr@sswhittier.com,"Manhattan Beach, CA",Marketing,EMAIL
"Sir Speedy Print, Signs, Marketing",http://sirspeedy.com,print@sirspeedymusiccity.com,"Manhattan Beach, CA",Marketing,EMAIL
"Sir Speedy Print, Signs, Marketing",http://sirspeedy.com,connie@sirspeedy4092.com,"Manhattan Beach, CA",Marketing,EMAIL
"Sir Speedy Print, Signs, Marketing",http://sirspeedy.com,print@sirspeedybna.com,"Manhattan Beach, CA",Marketing,EMAIL
"Sir Speedy Print, Signs, Marketing",http://sirspeedy.com,cortiz@franserv.com,"Manhattan Beach, CA",Marketing,EMAIL
"Sir Speedy Print, Signs, Marketing",http://sirspeedy.com,sirspeedypgh@gmail.com,"Manhattan Beach, CA",Marketing,EMAIL
"Sir Speedy Print, Signs, Marketing",http://sirspeedy.com,info@sirspeedyorleans.com,"Manhattan Beach, CA",Marketing,EMAIL
"Sir Speedy Print, Signs, Marketing",http://sirspeedy.com,print@sirspeedymidway.com,"Manhattan Beach, CA",Marketing,EMAIL
"Sir Speedy Print, Signs, Marketing",http://sirspeedy.com,orders@sirspeedyjacksonville.com,"Manhattan Beach, CA",Marketing,EMAIL
"Sir Speedy Print, Signs, Marketing",http://sirspeedy.com,info@sirspeedymca.com,"Manhattan Beach, CA",Marketing,EMAIL
"Sir Speedy Print, Signs, Marketing",http://sirspeedy.com,brooks@sirspeedyrichardson.com,"Manhattan Beach, CA",Marketing,EMAIL
"Sir Speedy Print, Signs, Marketing",http://sirspeedy.com,orders@sirspeedyprinter.com,"Manhattan Beach, CA",Marketing,EMAIL
"Sir Speedy Print, Signs, Marketing",http://sirspeedy.com,print@northdenversirspeedy.com,"Manhattan Beach, CA",Marketing,EMAIL
"Sir Speedy Print, Signs, Marketing",http://sirspeedy.com,speedy7061@aol.com,"Manhattan Beach, CA",Marketing,EMAIL
"Sir Speedy Print, Signs, Marketing",http://sirspeedy.com,info@sirspeedyaz.com,"Manhattan Beach, CA",Marketing,EMAIL
"Sir Speedy Print, Signs, Marketing",http://sirspeedy.com,sirspeedydc@yahoo.com,"Manhattan Beach, CA",Marketing,EMAIL
"Sir Speedy Print, Signs, Marketing",http://sirspeedy.com,sales@sirspeedymia.com,"Manhattan Beach, CA",Marketing,EMAIL
"Sir Speedy Print, Signs, Marketing",http://sirspeedy.com,customersupport@franserv.com,"Manhattan Beach, CA",Marketing,EMAIL
"Sir Speedy Print, Signs, Marketing",http://sirspeedy.com,info@sirspeedymn.com,"Manhattan Beach, CA",Marketing,EMAIL
"Sir Speedy Print, Signs, Marketing",http://sirspeedy.com,orders@sirspeedyro.com,"Manhattan Beach, CA",Marketing,EMAIL
"Sir Speedy Print, Signs, Marketing",http://sirspeedy.com,anne@sirspeedyolathe.com,"Manhattan Beach, CA",Marketing,EMAIL
"Sir Speedy Print, Signs, Marketing",http://sirspeedy.com,orders@sirspeedytampa.com,"Manhattan Beach, CA",Marketing,EMAIL
"Sir Speedy Print, Signs, Marketing",http://sirspeedy.com,shawn@sirspeedydfw.com,"Manhattan Beach, CA",Marketing,EMAIL
"Sir Speedy Print, Signs, Marketing",http://sirspeedy.com,sirspeedyvineland@gmail.com,"Manhattan Beach, CA",Marketing,EMAIL
"Sir Speedy Print, Signs, Marketing",http://sirspeedy.com,printer@kansas.net,"Manhattan Beach, CA",Marketing,EMAIL
"Sir Speedy Print, Signs, Marketing",http://sirspeedy.com,info@sirspeedygr.com,"Manhattan Beach, CA",Marketing,EMAIL
"Sir Speedy Print, Signs, Marketing",http://sirspeedy.com,accessibility@franserv.com,"Manhattan Beach, CA",Marketing,EMAIL
"Sir Speedy Print, Signs, Marketing",http://sirspeedy.com,info@sirspeedyboston.com,"Manhattan Beach, CA",Marketing,EMAIL
"Sir Speedy Print, Signs, Marketing",http://sirspeedy.com,service@sirspeedy7099.com,"Manhattan Beach, CA",Marketing,EMAIL
"Sir Speedy Print, Signs, Marketing",http://sirspeedy.com,orders@sirspeedyatlanta.com,"Manhattan Beach, CA",Marketing,EMAIL
"Sir Speedy Print, Signs, Marketing",http://sirspeedy.com,sales@gnspeedy.com,"Manhattan Beach, CA",Marketing,EMAIL
"Sir Speedy Print, Signs, Marketing",http://sirspeedy.com,sirspeedypalmharbor@verizon.net,"Manhattan Beach, CA",Marketing,EMAIL
"Sir Speedy Print, Signs, Marketing",http://sirspeedy.com,info@sirspeedyrichmond.com,"Manhattan Beach, CA",Marketing,EMAIL
"Sir Speedy Print, Signs, Marketing",http://sirspeedy.com,info@sirspeedypb.com,"Manhattan Beach, CA",Marketing,EMAIL
"Sir Speedy Print, Signs, Marketing",http://sirspeedy.com,sales@sirspeedydenver.com,"Manhattan Beach, CA",Marketing,EMAIL
"Sir Speedy Print, Signs, Marketing",http://sirspeedy.com,print@sirspeedymineola.com,"Manhattan Beach, CA",Marketing,EMAIL
"Sir Speedy Print, Signs, Marketing",http://sirspeedy.com,sirspeedy6039@yahoo.com,"Manhattan Beach, CA",Marketing,EMAIL
"Sir Speedy Print, Signs, Marketing",http://sirspeedy.com,print@sirspeedyspringfield.com,"Manhattan Beach, CA",Marketing,EMAIL
"Sir Speedy Print, Signs, Marketing",http://sirspeedy.com,mail@sirspeedywv.com,"Manhattan Beach, CA",Marketing,EMAIL
"Sir Speedy Print, Signs, Marketing",http://sirspeedy.com,ob@gotosirspeedy.com,"Manhattan Beach, CA",Marketing,EMAIL
"Sir Speedy Print, Signs, Marketing",http://sirspeedy.com,inbox@sirspeedywdby.com,"Manhattan Beach, CA",Marketing,EMAIL
"Sir Speedy Print, Signs, Marketing",http://sirspeedy.com,orders@ssbwi.com,"Manhattan Beach, CA",Marketing,EMAIL
"Sir Speedy Print, Signs, Marketing",http://sirspeedy.com,info@sirspeedyneworleans.com,"Manhattan Beach, CA",Marketing,EMAIL
"Sir Speedy Print, Signs, Marketing",http://sirspeedy.com,info@sirspeedyvalwood.com,"Manhattan Beach, CA",Marketing,EMAIL
"Sir Speedy Print, Signs, Marketing",http://sirspeedy.com,bob@sirspeedyprovidence.com,"Manhattan Beach, CA",Marketing,EMAIL
"Sir Speedy Print, Signs, Marketing",http://sirspeedy.com,orders@sirspeedycamarillo.com,"Manhattan Beach, CA",Marketing,EMAIL
"Sir Speedy Print, Signs, Marketing",http://sirspeedy.com,info@sirspeedysouthbay.net,"Manhattan Beach, CA",Marketing,EMAIL
"Sir Speedy Print, Signs, Marketing",http://sirspeedy.com,marketing@sirspeedy.com,"Manhattan Beach, CA",Marketing,EMAIL
"Sir Speedy Print, Signs, Marketing",http://sirspeedy.com,sirspeedyannapolis@gmail.com,"Manhattan Beach, CA",Marketing,EMAIL
"Sir Speedy Print, Signs, Marketing",http://sirspeedy.com,info@sirspeedyny.net,"Manhattan Beach, CA",Marketing,EMAIL
"Sir Speedy Print, Signs, Marketing",http://sirspeedy.com,custsvc@sirspeedywc.com,"Manhattan Beach, CA",Marketing,EMAIL
"Sir Speedy Print, Signs, Marketing",http://sirspeedy.com,projects@sirspeedyvienna.com,"Manhattan Beach, CA",Marketing,EMAIL
"Sir Speedy Print, Signs, Marketing",http://sirspeedy.com,mail@sirspeedy-aurora.com,"Manhattan Beach, CA",Marketing,EMAIL
"Sir Speedy Print, Signs, Marketing",http://sirspeedy.com,sales@sirspeedyps.com,"Manhattan Beach, CA",Marketing,EMAIL
"Sir Speedy Print, Signs, Marketing",http://sirspeedy.com,info@sirspeedynovi.com,"Manhattan Beach, CA",Marketing,EMAIL
"Sir Speedy Print, Signs, Marketing",http://sirspeedy.com,sspeedy@sirspeedyamarillo.com,"Manhattan Beach, CA",Marketing,EMAIL
"Sir Speedy Print, Signs, Marketing",http://sirspeedy.com,sales@sirspeedy-southbay.com,"Manhattan Beach, CA",Marketing,EMAIL
"Sir Speedy Print, Signs, Marketing",http://sirspeedy.com,pat@sirspeedycranston.com,"Manhattan Beach, CA",Marketing,EMAIL
"Sir Speedy Print, Signs, Marketing",http://sirspeedy.com,print@sirspeedywestfield.com,"Manhattan Beach, CA",Marketing,EMAIL
"Sir Speedy Print, Signs, Marketing",http://sirspeedy.com,send@sirspeedy-newbritain.com,"Manhattan Beach, CA",Marketing,EMAIL
"Sir Speedy Print, Signs, Marketing",http://sirspeedy.com,brad@sirspeedyvirginia.com,"Manhattan Beach, CA",Marketing,EMAIL
"Sir Speedy Print, Signs, Marketing",http://sirspeedy.com,info@sirspeedyraleigh.com,"Manhattan Beach, CA",Marketing,EMAIL
"Sir Speedy Print, Signs, Marketing",http://sirspeedy.com,sirspeedy3217@centurytel.net,"Manhattan Beach, CA",Marketing,EMAIL
"Sir Speedy Print, Signs, Marketing",http://sirspeedy.com,sales@sirspeedytequesta.com,"Manhattan Beach, CA",Marketing,EMAIL
"Sir Speedy Print, Signs, Marketing",http://sirspeedy.com,mail@sirspeedy.cc,"Manhattan Beach, CA",Marketing,EMAIL
"Sir Speedy Print, Signs, Marketing",http://sirspeedy.com,mail@sirspeedypr.com,"Manhattan Beach, CA",Marketing,EMAIL
"Sir Speedy Print, Signs, Marketing",http://sirspeedy.com,sirspeedy_wg@verizon.net,"Manhattan Beach, CA",Marketing,EMAIL
"Sir Speedy Print, Signs, Marketing",http://sirspeedy.com,design@sirspeedylr.com,"Manhattan Beach, CA",Marketing,EMAIL
"Sir Speedy Print, Signs, Marketing",http://sirspeedy.com,info@sirspeedynewtown.com,"Manhattan Beach, CA",Marketing,EMAIL
"Sir Speedy Print, Signs, Marketing",http://sirspeedy.com,info@sirspeedy5551.com,"Manhattan Beach, CA",Marketing,EMAIL
"Sir Speedy Print, Signs, Marketing",http://sirspeedy.com,contact@sirspeedylkn.com,"Manhattan Beach, CA",Marketing,EMAIL
"Sir Speedy Print, Signs, Marketing",http://sirspeedy.com,info@sirspeedy0905.com,"Manhattan Beach, CA",Marketing,EMAIL
"Sir Speedy Print, Signs, Marketing",http://sirspeedy.com,orders@sirspeedysarasota.com,"Manhattan Beach, CA",Marketing,EMAIL
"Sir Speedy Print, Signs, Marketing",http://sirspeedy.com,orders@sirspeedycharlottesville.com,"Manhattan Beach, CA",Marketing,EMAIL
"Sir Speedy Print, Signs, Marketing",http://sirspeedy.com,paulina@sirspeedy0257.com,"Manhattan Beach, CA",Marketing,EMAIL
"Sir Speedy Print, Signs, Marketing",http://sirspeedy.com,sirspeedyfram@aol.com,"Manhattan Beach, CA",Marketing,EMAIL
"Sir Speedy Print, Signs, Marketing",http://sirspeedy.com,info@sirspeedyws.com,"Manhattan Beach, CA",Marketing,EMAIL
"Sir Speedy Print, Signs, Marketing",http://sirspeedy.com,tclark@sirspeedyburlington.com,"Manhattan Beach, CA",Marketing,EMAIL
"Sir Speedy Print, Signs, Marketing",http://sirspeedy.com,sirspeedy@gsosirspeedy.com,"Manhattan Beach, CA",Marketing,EMAIL
"Sir Speedy Print, Signs, Marketing",http://sirspeedy.com,info@rosevilleprinter.com,"Manhattan Beach, CA",Marketing,EMAIL
"Sir Speedy Print, Signs, Marketing",http://sirspeedy.com,info@sirspeedycolor.com,"Manhattan Beach, CA",Marketing,EMAIL
"Sir Speedy Print, Signs, Marketing",http://sirspeedy.com,print@sir-speedy.net,"Manhattan Beach, CA",Marketing,EMAIL
"Sir Speedy Print, Signs, Marketing",http://sirspeedy.com,info@sirspeedyep.com,"Manhattan Beach, CA",Marketing,EMAIL
"Sir Speedy Print, Signs, Marketing",http://sirspeedy.com,sirspeedyph@outlook.com,"Manhattan Beach, CA",Marketing,EMAIL
"Sir Speedy Print, Signs, Marketing",http://sirspeedy.com,mail@sirspeedylr.com,"Manhattan Beach, CA",Marketing,EMAIL
"Sir Speedy Print, Signs, Marketing",http://sirspeedy.com,orders@sirspeedycucamonga.com,"Manhattan Beach, CA",Marketing,EMAIL
"Sir Speedy Print, Signs, Marketing",http://sirspeedy.com,info@sirspeedytroy.com,"Manhattan Beach, CA",Marketing,EMAIL
"Sir Speedy Print, Signs, Marketing",http://sirspeedy.com,graphics@sirspeedylongwood.com,"Manhattan Beach, CA",Marketing,EMAIL
"Sir Speedy Print, Signs, Marketing",http://sirspeedy.com,customerservice@sirspeedyofnewark.com,"Manhattan Beach, CA",Marketing,EMAIL
"Sir Speedy Print, Signs, Marketing",http://sirspeedy.com,mail@printcopymn.com,"Manhattan Beach, CA",Marketing,EMAIL
"Sir Speedy Print, Signs, Marketing",http://sirspeedy.com,info@sirspeedyfargo.com,"Manhattan Beach, CA",Marketing,EMAIL
"Sir Speedy Print, Signs, Marketing",http://sirspeedy.com,print@sirspeedywilm.com,"Manhattan Beach, CA",Marketing,EMAIL
"Sir Speedy Print, Signs, Marketing",http://sirspeedy.com,mailus@sirspeedyontario.com,"Manhattan Beach, CA",Marketing,EMAIL
"Sir Speedy Print, Signs, Marketing",http://sirspeedy.com,orders@sirspeedyop.com,"Manhattan Beach, CA",Marketing,EMAIL
Pipeline Marketing,http://pipeline.agency,info@pipeline-inc.com,"Manhattan Beach, CA",Marketing,EMAIL
Pipeline Marketing,http://pipeline.agency,hello@pipeline.agency,"Manhattan Beach, CA",Marketing,EMAIL
Stellen Design,http://stellendesign.com,contact@stellendesign.com,"Manhattan Beach, CA",Marketing,EMAIL
Stellen Design,http://stellendesign.com,jo@stellendesign.com,"Manhattan Beach, CA",Marketing,EMAIL
Klein Creative Media,http://kleincreativemedia.com,marci@kleincreativemedia.com,"Manhattan Beach, CA",Marketing,EMAIL
Klein Creative Media,http://kleincreativemedia.com,wixofday@wix.com,"Manhattan Beach, CA",Marketing,EMAIL
